{"cameraMode":{"drawMode":0,"name":"Shaded","section":"Shading Mode"},"sceneLighting":false,"audioPlay":false,"sceneViewState":{"showFog":true,"showMaterialUpdate":false,"showSkybox":false,"showFlares":true,"showImageEffects":true,"showParticleSystems":true},"in2DMode":false,"pivot":{"x":10.486735343933106,"y":1.7664518356323243,"z":5.509474754333496},"rotation":{"x":0.38702112436294558,"y":-0.2784339487552643,"z":0.12380725890398026,"w":0.8702651858329773},"size":1.540878176689148,"orthographic":false}