{"cameraMode":{"drawMode":0,"name":"Shaded","section":"Shading Mode"},"sceneLighting":false,"audioPlay":false,"sceneViewState":{"showFog":true,"showMaterialUpdate":true,"showSkybox":true,"showFlares":true,"showImageEffects":true,"showParticleSystems":true},"in2DMode":false,"pivot":{"x":-7.5949811935424809,"y":-5.021962642669678,"z":-9.193353652954102},"rotation":{"x":-0.07574767619371414,"y":0.9160255789756775,"z":-0.20706313848495484,"w":-0.33510154485702517},"size":8.187865257263184,"orthographic":false}