{"cameraMode":{"drawMode":0,"name":"Shaded","section":"Shading Mode"},"sceneLighting":false,"audioPlay":false,"sceneViewState":{"showFog":true,"showMaterialUpdate":false,"showSkybox":false,"showFlares":true,"showImageEffects":true,"showParticleSystems":true},"in2DMode":false,"pivot":{"x":-2.9838852882385256,"y":0.7995012998580933,"z":-1.7103567123413087},"rotation":{"x":-0.22359681129455567,"y":-0.7612096071243286,"z":0.33475446701049807,"w":-0.5084555745124817},"size":0.567279577255249,"orthographic":false}