{"cameraMode":{"drawMode":0,"name":"Shaded","section":"Shading Mode"},"sceneLighting":false,"audioPlay":false,"sceneViewState":{"showFog":true,"showMaterialUpdate":true,"showSkybox":true,"showFlares":true,"showImageEffects":true,"showParticleSystems":true},"in2DMode":false,"pivot":{"x":-1.016913890838623,"y":-0.6942758560180664,"z":-0.9657572507858276},"rotation":{"x":-0.30124911665916445,"y":0.3854399025440216,"z":-0.13474470376968385,"w":-0.8617227077484131},"size":1.7660253047943116,"orthographic":false}