{"cameraMode":{"drawMode":0,"name":"Shaded","section":"Shading Mode"},"sceneLighting":false,"audioPlay":false,"sceneViewState":{"showFog":true,"showMaterialUpdate":true,"showSkybox":true,"showFlares":true,"showImageEffects":true,"showParticleSystems":true},"in2DMode":false,"pivot":{"x":-9.4397554397583,"y":0.45579397678375246,"z":-11.847440719604493},"rotation":{"x":-0.30842193961143496,"y":-0.03937012702226639,"z":0.012776557356119156,"w":-0.9503571391105652},"size":2.3320508003234865,"orthographic":false}