{"cameraMode":{"drawMode":0,"name":"Shaded","section":"Shading Mode"},"sceneLighting":true,"audioPlay":false,"sceneViewState":{"showFog":true,"showMaterialUpdate":false,"showSkybox":false,"showFlares":true,"showImageEffects":true,"showParticleSystems":true},"in2DMode":false,"pivot":{"x":-0.15309882164001466,"y":0.19614362716674806,"z":0.03166899085044861},"rotation":{"x":-0.2336951494216919,"y":0.6141494512557983,"z":-0.19727736711502076,"w":-0.7275221943855286},"size":1.2297559976577759,"orthographic":false}