{"cameraMode":{"drawMode":0,"name":"Shaded","section":"Shading Mode"},"sceneLighting":true,"audioPlay":false,"sceneViewState":{"showFog":true,"showMaterialUpdate":false,"showSkybox":false,"showFlares":true,"showImageEffects":true,"showParticleSystems":true},"in2DMode":false,"pivot":{"x":-0.29962897300720217,"y":1.0332540273666382,"z":0.4896965026855469},"rotation":{"x":-0.07928182184696198,"y":0.597518265247345,"z":-0.059535205364227298,"w":-0.7957021594047546},"size":5.216012477874756,"orthographic":false}