{"cameraMode":{"drawMode":0,"name":"Shaded","section":"Shading Mode"},"sceneLighting":false,"audioPlay":false,"sceneViewState":{"showFog":true,"showMaterialUpdate":false,"showSkybox":false,"showFlares":true,"showImageEffects":true,"showParticleSystems":true},"in2DMode":false,"pivot":{"x":1.1045811176300049,"y":-1.152241826057434,"z":0.9663676023483276},"rotation":{"x":-0.15046609938144685,"y":-0.8203874826431274,"z":0.2513595521450043,"w":-0.49108728766441347},"size":3.7537732124328615,"orthographic":false}