{"cameraMode":{"drawMode":0,"name":"Shaded","section":"Shading Mode"},"sceneLighting":false,"audioPlay":false,"sceneViewState":{"showFog":true,"showMaterialUpdate":false,"showSkybox":false,"showFlares":true,"showImageEffects":true,"showParticleSystems":true},"in2DMode":false,"pivot":{"x":1.4198516607284547,"y":0.21140845119953156,"z":0.19470709562301637},"rotation":{"x":-0.051995694637298587,"y":-0.5049681663513184,"z":0.03048817627131939,"w":-0.8610456585884094},"size":0.9665647149085999,"orthographic":false}