{"cameraMode":{"drawMode":0,"name":"Shaded","section":"Shading Mode"},"sceneLighting":false,"audioPlay":false,"sceneViewState":{"showFog":true,"showMaterialUpdate":false,"showSkybox":false,"showFlares":true,"showImageEffects":true,"showParticleSystems":true},"in2DMode":false,"pivot":{"x":0.0,"y":0.5000000596046448,"z":-5.960464477539063e-8},"rotation":{"x":-0.16259728372097016,"y":-0.3628288209438324,"z":0.06445416063070297,"w":-0.9152997732162476},"size":0.8660256266593933,"orthographic":false}