{"cameraMode":{"drawMode":0,"name":"Shaded","section":"Shading Mode"},"sceneLighting":true,"audioPlay":false,"sceneViewState":{"showFog":true,"showMaterialUpdate":false,"showSkybox":true,"showFlares":true,"showImageEffects":true,"showParticleSystems":true},"in2DMode":false,"pivot":{"x":12.805740356445313,"y":0.6328353881835938,"z":-12.701576232910157},"rotation":{"x":0.17425356805324555,"y":0.8151795864105225,"z":-0.3113264739513397,"w":0.4563048481941223},"size":2.0616843700408937,"orthographic":false}