{"cameraMode":{"drawMode":0,"name":"Shaded","section":"Shading Mode"},"sceneLighting":false,"audioPlay":false,"sceneViewState":{"showFog":true,"showMaterialUpdate":false,"showSkybox":false,"showFlares":true,"showImageEffects":true,"showParticleSystems":true},"in2DMode":false,"pivot":{"x":12.444602966308594,"y":-0.6947884559631348,"z":-10.438724517822266},"rotation":{"x":0.27564388513565066,"y":0.4564902186393738,"z":-0.1512569934129715,"w":0.8324311375617981},"size":2.3616843223571779,"orthographic":false}