{"cameraMode":{"drawMode":0,"name":"Shaded","section":"Shading Mode"},"sceneLighting":false,"audioPlay":false,"sceneViewState":{"showFog":true,"showMaterialUpdate":false,"showSkybox":false,"showFlares":true,"showImageEffects":true,"showParticleSystems":true},"in2DMode":false,"pivot":{"x":-3.8375320434570314,"y":3.750880241394043,"z":5.802070140838623},"rotation":{"x":0.16549351811408997,"y":-0.6224328875541687,"z":0.13669608533382417,"w":0.7527772784233093},"size":9.199995040893555,"orthographic":false}