{"cameraMode":{"drawMode":0,"name":"Shaded","section":"Shading Mode"},"sceneLighting":false,"audioPlay":false,"sceneViewState":{"showFog":true,"showMaterialUpdate":false,"showSkybox":false,"showFlares":true,"showImageEffects":true,"showParticleSystems":true},"in2DMode":false,"pivot":{"x":-9.691154479980469,"y":1.745377779006958,"z":-13.79153823852539},"rotation":{"x":0.2900272011756897,"y":-0.34755876660346987,"z":0.11383768171072006,"w":0.8844848871231079},"size":1.0731436014175416,"orthographic":false}