{"cameraMode":{"drawMode":0,"name":"Shaded","section":"Shading Mode"},"sceneLighting":false,"audioPlay":false,"sceneViewState":{"showFog":true,"showMaterialUpdate":false,"showSkybox":false,"showFlares":true,"showImageEffects":true,"showParticleSystems":true},"in2DMode":false,"pivot":{"x":0.0,"y":0.3500000536441803,"z":-4.470348358154297e-8},"rotation":{"x":-0.2520415782928467,"y":0.061495620757341388,"z":-0.016044966876506807,"w":-0.9656493067741394},"size":0.4623311460018158,"orthographic":false}