{"cameraMode":{"drawMode":0,"name":"Shaded","section":"Shading Mode"},"sceneLighting":false,"audioPlay":false,"sceneViewState":{"showFog":true,"showMaterialUpdate":false,"showSkybox":false,"showFlares":true,"showImageEffects":true,"showParticleSystems":true},"in2DMode":false,"pivot":{"x":0.5660685896873474,"y":-0.37481045722961428,"z":1.4904718399047852},"rotation":{"x":0.130386620759964,"y":0.030346520245075227,"z":-0.004107856657356024,"w":0.9910768270492554},"size":5.8389081954956059,"orthographic":false}